Country,Location,EventName,EventDate
Australia,Melbourne,Australian Grand Prix,2025-03-16
China,Shanghai,Chinese Grand Prix,2025-03-23
Japan,Suzuka,Japanese Grand Prix,2025-04-06
Bahrain,Sakhir,Bahrain Grand Prix,2025-04-13
Saudi Arabia,Jeddah,Saudi Arabian Grand Prix,2025-04-20
United States,Miami Gardens,Miami Grand Prix,2025-05-04
Italy,Imola,Emilia Romagna Grand Prix,2025-05-18
Monaco,Monaco,Monaco Grand Prix,2025-05-25
Spain,Barcelona,Spanish Grand Prix,2025-06-01
Canada,Montréal,Canadian Grand Prix,2025-06-15
Austria,Spielberg,Austrian Grand Prix,2025-06-29
United Kingdom,Silverstone,British Grand Prix,2025-07-06
Belgium,Spa-Francorchamps,Belgian Grand Prix,2025-07-27
Hungary,Budapest,Hungarian Grand Prix,2025-08-03
Netherlands,Zandvoort,Dutch Grand Prix,2025-08-31
Italy,Monza,Italian Grand Prix,2025-09-07
Azerbaijan,Baku,Azerbaijan Grand Prix,2025-09-21
Singapore,Marina Bay,Singapore Grand Prix,2025-10-05
United States,Austin,United States Grand Prix,2025-10-19
Mexico,Mexico City,Mexico City Grand Prix,2025-10-26
Brazil,São Paulo,São Paulo Grand Prix,2025-11-09
United States,Las Vegas,Las Vegas Grand Prix,2025-11-22
Qatar,Lusail,Qatar Grand Prix,2025-11-30
United Arab Emirates,Yas Island,Abu Dhabi Grand Prix,2025-12-07
